<?xml version="1.0" encoding="utf-8"?>
<!--/281581/641607/2.49/28/4/Connector/-->
<quadcept_library>
  <setting unit="mil" />
  <textstyle name="Default" height="47.244094488189" strokewidth="7.8740157480315" charwidth="47.244094488189" />
  <textstyle name="Dimension" height="19.6850393700787" strokewidth="0" charwidth="19.6850393700787" />
  <textstyle name="H127W0635TH00762" height="50" strokewidth="3" charwidth="25" />
  <textstyle name="H15W15TH02" height="59.0551181102362" strokewidth="7.8740157480315" charwidth="59.0551181102362" />
  <padstyle name="r80_30" surface="True" plated="False" isvia="False" nopaste="False" nomask="True" complex="False" holesize="0">
    <padshape layer="TOP" shape="rectangle" width="11.811023622047" height="31.496062992126" />
    <padshape layer="TOP_SOLDER_MASK" shape="rectangle" width="19.685039370078" height="39.370078740157" />
    <padshape layer="TOP_SOLDER_PASTE" shape="rectangle" width="11.811023622047" height="31.496062992126" />
  </padstyle>
  <padstyle name="r305_130" surface="True" plated="False" isvia="False" nopaste="False" nomask="True" complex="False" holesize="0">
    <padshape layer="TOP" shape="rectangle" width="51.181102362204" height="120.07874015748" />
    <padshape layer="TOP_SOLDER_MASK" shape="rectangle" width="59.055118110235" height="127.95275590551" />
    <padshape layer="TOP_SOLDER_PASTE" shape="rectangle" width="51.181102362204" height="120.07874015748" />
  </padstyle>
  <padstyle name="r220_110" surface="True" plated="False" isvia="False" nopaste="False" nomask="True" complex="False" holesize="0">
    <padshape layer="TOP" shape="rectangle" width="43.307086614173" height="86.614173228345" />
    <padshape layer="TOP_SOLDER_MASK" shape="rectangle" width="51.181102362204" height="94.488188976377" />
    <padshape layer="TOP_SOLDER_PASTE" shape="rectangle" width="43.307086614173" height="86.614173228345" />
  </padstyle>
  <footprint name="524372471" originx="0" originy="0" pickpointx="0" pickpointy="0">
    <pcbpin number="1" name="1" style="r80_30" originx="-226.3779527559" originy="124.01574803149" rotation="0" />
    <pcbpin number="2" name="2" style="r80_30" originx="-206.69291338582" originy="124.01574803149" rotation="0" />
    <pcbpin number="3" name="3" style="r80_30" originx="-187.00787401575" originy="124.01574803149" rotation="0" />
    <pcbpin number="4" name="4" style="r80_30" originx="-167.32283464567" originy="124.01574803149" rotation="0" />
    <pcbpin number="5" name="5" style="r80_30" originx="-147.63779527559" originy="124.01574803149" rotation="0" />
    <pcbpin number="6" name="6" style="r80_30" originx="-127.95275590551" originy="124.01574803149" rotation="0" />
    <pcbpin number="7" name="7" style="r80_30" originx="-108.26771653543" originy="124.01574803149" rotation="0" />
    <pcbpin number="8" name="8" style="r80_30" originx="-88.582677165353" originy="124.01574803149" rotation="0" />
    <pcbpin number="9" name="9" style="r80_30" originx="-68.897637795275" originy="124.01574803149" rotation="0" />
    <pcbpin number="10" name="10" style="r80_30" originx="-49.212598425196" originy="124.01574803149" rotation="0" />
    <pcbpin number="11" name="11" style="r80_30" originx="-29.527559055118" originy="124.01574803149" rotation="0" />
    <pcbpin number="12" name="12" style="r80_30" originx="-9.8425196850392" originy="124.01574803149" rotation="0" />
    <pcbpin number="13" name="13" style="r80_30" originx="9.8425196850392" originy="124.01574803149" rotation="0" />
    <pcbpin number="14" name="14" style="r80_30" originx="29.527559055118" originy="124.01574803149" rotation="0" />
    <pcbpin number="15" name="15" style="r80_30" originx="49.212598425196" originy="124.01574803149" rotation="0" />
    <pcbpin number="16" name="16" style="r80_30" originx="68.897637795275" originy="124.01574803149" rotation="0" />
    <pcbpin number="17" name="17" style="r80_30" originx="88.582677165353" originy="124.01574803149" rotation="0" />
    <pcbpin number="18" name="18" style="r80_30" originx="108.26771653543" originy="124.01574803149" rotation="0" />
    <pcbpin number="19" name="19" style="r80_30" originx="127.95275590551" originy="124.01574803149" rotation="0" />
    <pcbpin number="20" name="20" style="r80_30" originx="147.63779527559" originy="124.01574803149" rotation="0" />
    <pcbpin number="21" name="21" style="r80_30" originx="167.32283464567" originy="124.01574803149" rotation="0" />
    <pcbpin number="22" name="22" style="r80_30" originx="187.00787401575" originy="124.01574803149" rotation="0" />
    <pcbpin number="23" name="23" style="r80_30" originx="206.69291338582" originy="124.01574803149" rotation="0" />
    <pcbpin number="24" name="24" style="r80_30" originx="226.3779527559" originy="124.01574803149" rotation="0" />
    <pcbpin number="25" name="MP1" style="r305_130" originx="-301.1811023622" originy="48.228346456692" rotation="0" />
    <pcbpin number="26" name="MP2" style="r305_130" originx="301.1811023622" originy="48.228346456692" rotation="0" />
    <pcbpin number="27" name="AMP1" style="r220_110" originx="-348.42519685039" originy="64.960629921259" rotation="0" />
    <pcbpin number="28" name="AMP2" style="r220_110" originx="348.42519685039" originy="64.960629921259" rotation="0" />
    <line layer="TOP_ASSEMBLY" originx="-326.7716535433" originy="100.3937007874" endx="326.7716535433" endy="100.3937007874" width="7.8740157480314" />
    <line layer="TOP_ASSEMBLY" originx="326.7716535433" originy="100.3937007874" endx="326.7716535433" endy="-37.401574803149" width="7.8740157480314" />
    <line layer="TOP_ASSEMBLY" originx="326.7716535433" originy="-37.401574803149" endx="-326.7716535433" endy="-37.401574803149" width="7.8740157480314" />
    <line layer="TOP_ASSEMBLY" originx="-326.7716535433" originy="-37.401574803149" endx="-326.7716535433" endy="100.3937007874" width="7.8740157480314" />
    <line layer="TOP_ASSEMBLY" originx="-366.14173228346" originy="-37.401574803149" endx="366.14173228346" endy="-37.401574803149" width="7.8740157480314" />
    <line layer="TOP_ASSEMBLY" originx="366.14173228346" originy="-37.401574803149" endx="366.14173228346" endy="-76.771653543306" width="7.8740157480314" />
    <line layer="TOP_ASSEMBLY" originx="366.14173228346" originy="-76.771653543306" endx="-366.14173228346" endy="-76.771653543306" width="7.8740157480314" />
    <line layer="TOP_ASSEMBLY" originx="-366.14173228346" originy="-76.771653543306" endx="-366.14173228346" endy="-37.401574803149" width="7.8740157480314" />
    <line layer="TOP_ASSEMBLY" originx="-366.14173228346" originy="-76.771653543306" endx="366.14173228346" endy="-76.771653543306" width="7.8740157480314" />
    <line layer="TOP_ASSEMBLY" originx="366.14173228346" originy="-76.771653543306" endx="366.14173228346" endy="-139.76377952756" width="7.8740157480314" />
    <line layer="TOP_ASSEMBLY" originx="366.14173228346" originy="-139.76377952756" endx="-366.14173228346" endy="-139.76377952756" width="7.8740157480314" />
    <line layer="TOP_ASSEMBLY" originx="-366.14173228346" originy="-139.76377952756" endx="-366.14173228346" endy="-76.771653543306" width="7.8740157480314" />
    <line layer="TOP_PLACE_BOUND" originx="-389.76377952755" originy="159.44881889764" endx="389.76377952755" endy="159.44881889764" width="3.9370078740157" />
    <line layer="TOP_PLACE_BOUND" originx="389.76377952755" originy="159.44881889764" endx="389.76377952755" endy="-159.44881889764" width="3.9370078740157" />
    <line layer="TOP_PLACE_BOUND" originx="389.76377952755" originy="-159.44881889764" endx="-389.76377952755" endy="-159.44881889764" width="3.9370078740157" />
    <line layer="TOP_PLACE_BOUND" originx="-389.76377952755" originy="-159.44881889764" endx="-389.76377952755" endy="159.44881889764" width="3.9370078740157" />
    <line layer="TOP_SILKSCREEN" originx="-251.968503937" originy="127.95275590551" endx="-251.968503937" endy="127.95275590551" width="7.8740157480314" />
    <arc layer="TOP_SILKSCREEN" originx="-251.968503937" originy="124.01574803149" startangle="90.0" sweepangle="180.0" radius="3.9370078740157" width="7.8740157480314" />
    <line layer="TOP_SILKSCREEN" originx="-251.968503937" originy="120.07874015748" endx="-251.968503937" endy="120.07874015748" width="7.8740157480314" />
    <arc layer="TOP_SILKSCREEN" originx="-251.968503937" originy="124.01574803149" startangle="-90.0" sweepangle="180.0" radius="3.9370078740157" width="7.8740157480314" />
    <line layer="TOP_SILKSCREEN" originx="-263.77952755905" originy="100.3937007874" endx="-240.15748031496" endy="100.3937007874" width="3.9370078740157" />
    <line layer="TOP_SILKSCREEN" originx="263.77952755905" originy="100.3937007874" endx="240.15748031496" endy="100.3937007874" width="3.9370078740157" />
    <line layer="TOP_SILKSCREEN" originx="-326.7716535433" originy="-25.590551181102" endx="-326.7716535433" endy="-37.401574803149" width="3.9370078740157" />
    <line layer="TOP_SILKSCREEN" originx="-326.7716535433" originy="-37.401574803149" endx="326.7716535433" endy="-37.401574803149" width="3.9370078740157" />
    <line layer="TOP_SILKSCREEN" originx="326.7716535433" originy="-37.401574803149" endx="326.7716535433" endy="-25.590551181102" width="3.9370078740157" />
  </footprint>
  <symbol name="52437-2471" originx="0" originy="0">
    <line originx="200" originy="300" endx="2700" endy="300" width="0" />
    <line originx="2700" originy="-400" endx="2700" endy="300" width="0" />
    <line originx="2700" originy="-400" endx="200" endy="-400" width="0" />
    <line originx="200" originy="300" endx="200" endy="-400" width="0" />
    <sympin number="1" originx="300" originy="300" rotation="90" length="100" width="7.8740157480315" flipped="False">
      <text name="pinname" originx="300" originy="270" style="Default" rotation="0" justify="right" flipped="False" hidden="False" data="1" />
      <text name="pindes" originx="280" originy="360" style="Default" rotation="0" justify="lowerleft" flipped="False" hidden="False" data="1" />
    </sympin>
    <sympin number="2" originx="400" originy="300" rotation="90" length="100" width="7.8740157480315" flipped="False">
      <text name="pinname" originx="400" originy="270" style="Default" rotation="0" justify="right" flipped="False" hidden="False" data="2" />
      <text name="pindes" originx="380" originy="360" style="Default" rotation="0" justify="lowerleft" flipped="False" hidden="False" data="2" />
    </sympin>
    <sympin number="3" originx="500" originy="300" rotation="90" length="100" width="7.8740157480315" flipped="False">
      <text name="pinname" originx="500" originy="270" style="Default" rotation="0" justify="right" flipped="False" hidden="False" data="3" />
      <text name="pindes" originx="480" originy="360" style="Default" rotation="0" justify="lowerleft" flipped="False" hidden="False" data="3" />
    </sympin>
    <sympin number="4" originx="600" originy="300" rotation="90" length="100" width="7.8740157480315" flipped="False">
      <text name="pinname" originx="600" originy="270" style="Default" rotation="0" justify="right" flipped="False" hidden="False" data="4" />
      <text name="pindes" originx="580" originy="360" style="Default" rotation="0" justify="lowerleft" flipped="False" hidden="False" data="4" />
    </sympin>
    <sympin number="5" originx="700" originy="300" rotation="90" length="100" width="7.8740157480315" flipped="False">
      <text name="pinname" originx="700" originy="270" style="Default" rotation="0" justify="right" flipped="False" hidden="False" data="5" />
      <text name="pindes" originx="680" originy="360" style="Default" rotation="0" justify="lowerleft" flipped="False" hidden="False" data="5" />
    </sympin>
    <sympin number="6" originx="800" originy="300" rotation="90" length="100" width="7.8740157480315" flipped="False">
      <text name="pinname" originx="800" originy="270" style="Default" rotation="0" justify="right" flipped="False" hidden="False" data="6" />
      <text name="pindes" originx="780" originy="360" style="Default" rotation="0" justify="lowerleft" flipped="False" hidden="False" data="6" />
    </sympin>
    <sympin number="7" originx="900" originy="300" rotation="90" length="100" width="7.8740157480315" flipped="False">
      <text name="pinname" originx="900" originy="270" style="Default" rotation="0" justify="right" flipped="False" hidden="False" data="7" />
      <text name="pindes" originx="880" originy="360" style="Default" rotation="0" justify="lowerleft" flipped="False" hidden="False" data="7" />
    </sympin>
    <sympin number="8" originx="1000" originy="300" rotation="90" length="100" width="7.8740157480315" flipped="False">
      <text name="pinname" originx="1000" originy="270" style="Default" rotation="0" justify="right" flipped="False" hidden="False" data="8" />
      <text name="pindes" originx="980" originy="360" style="Default" rotation="0" justify="lowerleft" flipped="False" hidden="False" data="8" />
    </sympin>
    <sympin number="9" originx="1100" originy="300" rotation="90" length="100" width="7.8740157480315" flipped="False">
      <text name="pinname" originx="1100" originy="270" style="Default" rotation="0" justify="right" flipped="False" hidden="False" data="9" />
      <text name="pindes" originx="1080" originy="360" style="Default" rotation="0" justify="lowerleft" flipped="False" hidden="False" data="9" />
    </sympin>
    <sympin number="10" originx="1200" originy="300" rotation="90" length="100" width="7.8740157480315" flipped="False">
      <text name="pinname" originx="1200" originy="270" style="Default" rotation="0" justify="right" flipped="False" hidden="False" data="10" />
      <text name="pindes" originx="1180" originy="360" style="Default" rotation="0" justify="lowerleft" flipped="False" hidden="False" data="10" />
    </sympin>
    <sympin number="11" originx="1300" originy="300" rotation="90" length="100" width="7.8740157480315" flipped="False">
      <text name="pinname" originx="1300" originy="270" style="Default" rotation="0" justify="right" flipped="False" hidden="False" data="11" />
      <text name="pindes" originx="1280" originy="360" style="Default" rotation="0" justify="lowerleft" flipped="False" hidden="False" data="11" />
    </sympin>
    <sympin number="12" originx="1400" originy="300" rotation="90" length="100" width="7.8740157480315" flipped="False">
      <text name="pinname" originx="1400" originy="270" style="Default" rotation="0" justify="right" flipped="False" hidden="False" data="12" />
      <text name="pindes" originx="1380" originy="360" style="Default" rotation="0" justify="lowerleft" flipped="False" hidden="False" data="12" />
    </sympin>
    <sympin number="13" originx="1500" originy="300" rotation="90" length="100" width="7.8740157480315" flipped="False">
      <text name="pinname" originx="1500" originy="270" style="Default" rotation="0" justify="right" flipped="False" hidden="False" data="13" />
      <text name="pindes" originx="1480" originy="360" style="Default" rotation="0" justify="lowerleft" flipped="False" hidden="False" data="13" />
    </sympin>
    <sympin number="14" originx="1600" originy="300" rotation="90" length="100" width="7.8740157480315" flipped="False">
      <text name="pinname" originx="1600" originy="270" style="Default" rotation="0" justify="right" flipped="False" hidden="False" data="14" />
      <text name="pindes" originx="1580" originy="360" style="Default" rotation="0" justify="lowerleft" flipped="False" hidden="False" data="14" />
    </sympin>
    <sympin number="15" originx="1700" originy="300" rotation="90" length="100" width="7.8740157480315" flipped="False">
      <text name="pinname" originx="1700" originy="270" style="Default" rotation="0" justify="right" flipped="False" hidden="False" data="15" />
      <text name="pindes" originx="1680" originy="360" style="Default" rotation="0" justify="lowerleft" flipped="False" hidden="False" data="15" />
    </sympin>
    <sympin number="16" originx="1800" originy="300" rotation="90" length="100" width="7.8740157480315" flipped="False">
      <text name="pinname" originx="1800" originy="270" style="Default" rotation="0" justify="right" flipped="False" hidden="False" data="16" />
      <text name="pindes" originx="1780" originy="360" style="Default" rotation="0" justify="lowerleft" flipped="False" hidden="False" data="16" />
    </sympin>
    <sympin number="17" originx="1900" originy="300" rotation="90" length="100" width="7.8740157480315" flipped="False">
      <text name="pinname" originx="1900" originy="270" style="Default" rotation="0" justify="right" flipped="False" hidden="False" data="17" />
      <text name="pindes" originx="1880" originy="360" style="Default" rotation="0" justify="lowerleft" flipped="False" hidden="False" data="17" />
    </sympin>
    <sympin number="18" originx="2000" originy="300" rotation="90" length="100" width="7.8740157480315" flipped="False">
      <text name="pinname" originx="2000" originy="270" style="Default" rotation="0" justify="right" flipped="False" hidden="False" data="18" />
      <text name="pindes" originx="1980" originy="360" style="Default" rotation="0" justify="lowerleft" flipped="False" hidden="False" data="18" />
    </sympin>
    <sympin number="19" originx="2100" originy="300" rotation="90" length="100" width="7.8740157480315" flipped="False">
      <text name="pinname" originx="2100" originy="270" style="Default" rotation="0" justify="right" flipped="False" hidden="False" data="19" />
      <text name="pindes" originx="2080" originy="360" style="Default" rotation="0" justify="lowerleft" flipped="False" hidden="False" data="19" />
    </sympin>
    <sympin number="20" originx="2200" originy="300" rotation="90" length="100" width="7.8740157480315" flipped="False">
      <text name="pinname" originx="2200" originy="270" style="Default" rotation="0" justify="right" flipped="False" hidden="False" data="20" />
      <text name="pindes" originx="2180" originy="360" style="Default" rotation="0" justify="lowerleft" flipped="False" hidden="False" data="20" />
    </sympin>
    <sympin number="21" originx="2300" originy="300" rotation="90" length="100" width="7.8740157480315" flipped="False">
      <text name="pinname" originx="2300" originy="270" style="Default" rotation="0" justify="right" flipped="False" hidden="False" data="21" />
      <text name="pindes" originx="2280" originy="360" style="Default" rotation="0" justify="lowerleft" flipped="False" hidden="False" data="21" />
    </sympin>
    <sympin number="22" originx="2400" originy="300" rotation="90" length="100" width="7.8740157480315" flipped="False">
      <text name="pinname" originx="2400" originy="270" style="Default" rotation="0" justify="right" flipped="False" hidden="False" data="22" />
      <text name="pindes" originx="2380" originy="360" style="Default" rotation="0" justify="lowerleft" flipped="False" hidden="False" data="22" />
    </sympin>
    <sympin number="23" originx="2500" originy="300" rotation="90" length="100" width="7.8740157480315" flipped="False">
      <text name="pinname" originx="2500" originy="270" style="Default" rotation="0" justify="right" flipped="False" hidden="False" data="23" />
      <text name="pindes" originx="2480" originy="360" style="Default" rotation="0" justify="lowerleft" flipped="False" hidden="False" data="23" />
    </sympin>
    <sympin number="24" originx="2600" originy="300" rotation="90" length="100" width="7.8740157480315" flipped="False">
      <text name="pinname" originx="2600" originy="270" style="Default" rotation="0" justify="right" flipped="False" hidden="False" data="24" />
      <text name="pindes" originx="2580" originy="360" style="Default" rotation="0" justify="lowerleft" flipped="False" hidden="False" data="24" />
    </sympin>
    <sympin number="25" originx="1400" originy="-400" rotation="270" length="100" width="7.8740157480315" flipped="False">
      <text name="pinname" originx="1400" originy="-370" style="Default" rotation="0" justify="left" flipped="False" hidden="False" data="MP1" />
      <text name="pindes" originx="1380" originy="-460" style="Default" rotation="0" justify="lowerright" flipped="False" hidden="False" data="MP1" />
    </sympin>
    <sympin number="26" originx="1500" originy="-400" rotation="270" length="100" width="7.8740157480315" flipped="False">
      <text name="pinname" originx="1500" originy="-370" style="Default" rotation="0" justify="left" flipped="False" hidden="False" data="MP2" />
      <text name="pindes" originx="1480" originy="-460" style="Default" rotation="0" justify="lowerright" flipped="False" hidden="False" data="MP2" />
    </sympin>
    <sympin number="27" originx="200" originy="0" rotation="180" length="100" width="7.8740157480315" flipped="False">
      <text name="pinname" originx="230" originy="0" style="Default" rotation="0" justify="left" flipped="False" hidden="False" data="AMP1" />
      <text name="pindes" originx="140" originy="20" style="Default" rotation="0" justify="lowerright" flipped="False" hidden="False" data="AMP1" />
    </sympin>
    <sympin number="28" originx="2700" originy="0" rotation="0" length="100" width="7.8740157480315" flipped="False">
      <text name="pinname" originx="2670" originy="0" style="Default" rotation="0" justify="right" flipped="False" hidden="False" data="AMP2" />
      <text name="pindes" originx="2760" originy="20" style="Default" rotation="0" justify="lowerleft" flipped="False" hidden="False" data="AMP2" />
    </sympin>
  </symbol>
  <component name="52437-2471" designatorprefix="J" height="78.740157480314" footprint="524372471">
    <comppin designator="1" sympin="1" pinswap="0" gateswap="0" gate="1" group="1" side="" type="Any" name="1" />
    <comppin designator="2" sympin="2" pinswap="0" gateswap="0" gate="1" group="1" side="" type="Any" name="2" />
    <comppin designator="3" sympin="3" pinswap="0" gateswap="0" gate="1" group="1" side="" type="Any" name="3" />
    <comppin designator="4" sympin="4" pinswap="0" gateswap="0" gate="1" group="1" side="" type="Any" name="4" />
    <comppin designator="5" sympin="5" pinswap="0" gateswap="0" gate="1" group="1" side="" type="Any" name="5" />
    <comppin designator="6" sympin="6" pinswap="0" gateswap="0" gate="1" group="1" side="" type="Any" name="6" />
    <comppin designator="7" sympin="7" pinswap="0" gateswap="0" gate="1" group="1" side="" type="Any" name="7" />
    <comppin designator="8" sympin="8" pinswap="0" gateswap="0" gate="1" group="1" side="" type="Any" name="8" />
    <comppin designator="9" sympin="9" pinswap="0" gateswap="0" gate="1" group="1" side="" type="Any" name="9" />
    <comppin designator="10" sympin="10" pinswap="0" gateswap="0" gate="1" group="1" side="" type="Any" name="10" />
    <comppin designator="11" sympin="11" pinswap="0" gateswap="0" gate="1" group="1" side="" type="Any" name="11" />
    <comppin designator="12" sympin="12" pinswap="0" gateswap="0" gate="1" group="1" side="" type="Any" name="12" />
    <comppin designator="13" sympin="13" pinswap="0" gateswap="0" gate="1" group="1" side="" type="Any" name="13" />
    <comppin designator="14" sympin="14" pinswap="0" gateswap="0" gate="1" group="1" side="" type="Any" name="14" />
    <comppin designator="15" sympin="15" pinswap="0" gateswap="0" gate="1" group="1" side="" type="Any" name="15" />
    <comppin designator="16" sympin="16" pinswap="0" gateswap="0" gate="1" group="1" side="" type="Any" name="16" />
    <comppin designator="17" sympin="17" pinswap="0" gateswap="0" gate="1" group="1" side="" type="Any" name="17" />
    <comppin designator="18" sympin="18" pinswap="0" gateswap="0" gate="1" group="1" side="" type="Any" name="18" />
    <comppin designator="19" sympin="19" pinswap="0" gateswap="0" gate="1" group="1" side="" type="Any" name="19" />
    <comppin designator="20" sympin="20" pinswap="0" gateswap="0" gate="1" group="1" side="" type="Any" name="20" />
    <comppin designator="21" sympin="21" pinswap="0" gateswap="0" gate="1" group="1" side="" type="Any" name="21" />
    <comppin designator="22" sympin="22" pinswap="0" gateswap="0" gate="1" group="1" side="" type="Any" name="22" />
    <comppin designator="23" sympin="23" pinswap="0" gateswap="0" gate="1" group="1" side="" type="Any" name="23" />
    <comppin designator="24" sympin="24" pinswap="0" gateswap="0" gate="1" group="1" side="" type="Any" name="24" />
    <comppin designator="MP1" sympin="25" pinswap="0" gateswap="0" gate="1" group="1" side="" type="Any" name="MP1" />
    <comppin designator="MP2" sympin="26" pinswap="0" gateswap="0" gate="1" group="1" side="" type="Any" name="MP2" />
    <comppin designator="AMP1" sympin="27" pinswap="0" gateswap="0" gate="1" group="1" side="" type="Any" name="AMP1" />
    <comppin designator="AMP2" sympin="28" pinswap="0" gateswap="0" gate="1" group="1" side="" type="Any" name="AMP2" />
    <attached_symbol gate="1" name="52437-2471" />
    <pinmap designator="1" footprintpin="1" />
    <pinmap designator="2" footprintpin="2" />
    <pinmap designator="3" footprintpin="3" />
    <pinmap designator="4" footprintpin="4" />
    <pinmap designator="5" footprintpin="5" />
    <pinmap designator="6" footprintpin="6" />
    <pinmap designator="7" footprintpin="7" />
    <pinmap designator="8" footprintpin="8" />
    <pinmap designator="9" footprintpin="9" />
    <pinmap designator="10" footprintpin="10" />
    <pinmap designator="11" footprintpin="11" />
    <pinmap designator="12" footprintpin="12" />
    <pinmap designator="13" footprintpin="13" />
    <pinmap designator="14" footprintpin="14" />
    <pinmap designator="15" footprintpin="15" />
    <pinmap designator="16" footprintpin="16" />
    <pinmap designator="17" footprintpin="17" />
    <pinmap designator="18" footprintpin="18" />
    <pinmap designator="19" footprintpin="19" />
    <pinmap designator="20" footprintpin="20" />
    <pinmap designator="21" footprintpin="21" />
    <pinmap designator="22" footprintpin="22" />
    <pinmap designator="23" footprintpin="23" />
    <pinmap designator="24" footprintpin="24" />
    <pinmap designator="MP1" footprintpin="25" />
    <pinmap designator="MP2" footprintpin="26" />
    <pinmap designator="AMP1" footprintpin="27" />
    <pinmap designator="AMP2" footprintpin="28" />
    <text name="Datasheet" originx="0" originy="0" style="Default" rotation="0" justify="" flipped="False" hidden="True" data="https://componentsearchengine.com/Datasheets/2/52437-2471.pdf" />
    <text name="Description" originx="0" originy="0" style="Default" rotation="0" justify="" flipped="False" hidden="True" data="FFC &amp; FPC Connectors RA SMT ZIF BTTM 24P GOLD" />
    <text name="Manufacturer_Name" originx="0" originy="0" style="Default" rotation="0" justify="" flipped="False" hidden="True" data="Molex" />
    <text name="Manufacturer_Part_Number" originx="2750" originy="400" style="Default" rotation="0" justify="left" flipped="False" hidden="False" data="52437-2471" />
    <text name="Mouser Part Number" originx="0" originy="0" style="Default" rotation="0" justify="" flipped="False" hidden="True" data="538-52437-2471" />
    <text name="Mouser Price/Stock" originx="0" originy="0" style="Default" rotation="0" justify="" flipped="False" hidden="True" data="https://www.mouser.co.uk/ProductDetail/Molex/52437-2471?qs=nDwhpid8gJZdpyQIeZfjsA%3D%3D" />
    <text name="Arrow Part Number" originx="0" originy="0" style="Default" rotation="0" justify="" flipped="False" hidden="True" data="" />
    <text name="Arrow Price/Stock" originx="0" originy="0" style="Default" rotation="0" justify="" flipped="False" hidden="True" data="" />
  </component>
</quadcept_library>
